"","","","",""
"Aftermath of a Dream Realized","public://Aftermath of a Dream Realized.jpeg","3.5 x 2.5","","available"
"Aftermath on the Semoud Desert ...","public://Aftermath on the Semoud Desert 1.jpeg","4.5 x 3.5""","","available"
"Aldice/Family A-22 ...","public://Aldice : Family A-22.jpeg","3 x 3.5""","","available"
"Ambanek Neffradon","public://Ambanek Neffradon.jpeg","4 x 2.5""","","available"
"Apackathus Maximus","public://Apackathus Maximus.jpeg","5 x 4""","","available"
"Appealing","public://Appealing.jpeg","3 x 2""","","available"
"The Art of Artificial Intelligence","public://The Art of Artificial Intelligence.jpeg","2.5 x 2.5""","","available"
"Artifact from Roswell Crash Site, 1947","public://Artifact from Roswell.jpeg","3.3 x 1.6""","","available"
"Bad Moon Rising","public://Bad Moon Rising.jpeg","3.5 x 2.2""","Tint on acid-free paper
","available"
"Bahga Omhasum: Holy Man — Floro/D-6","public://Bahga Omhasum_0.jpg","3 x 3.5""","Tint on salvaged fabric and acid-free paper","available"
"Calixza Illusiva","public://Calixza 1_0.jpeg","2.2 x 2.2""","Colored pencil on acid-free paper","available"
"Captain Gunney Freebird","public://Captain Gunney Freebird.jpeg","3.5 x 3""","","available"
"Captain Howdy of the Dark Legion","public://Captain Howdy.jpeg","5.5 x 3.5""","","available"
"Captain Wholeah Six","public://Captain Wholea Six.jpeg","3 x 3""","","available"
"Captain Zinghar Rinslup ...","public://Captain Zinghar Rinslup.jpeg","5 x 3.5""","","available"
"Cleptar Valdon — Elimination Specialist","public://Cleptar Valdon_1.jpeg","3 x 3""","Pencil on acid-free paper","available"
"Close","public://Close.jpeg","5 x 2.5""","","available"
"Condux Maximus","public://Condux 1_0.jpeg","2.2 x 2.2""","Colored pencil on acid-free paper","available"
"Customs Specialist Sarma","public://Customs_1.jpeg","2.3 x 2.4""","Colored pencil on acid-free paper","available"
"Czecmara #1: View from Within Kafka's Garden","public://Czecmara #1.jpeg","3 x 2.3""","","available"
"Czecmara #2: View from Kafka's Window ... The Day the Germans Came","public://Czecmara #2.jpeg","3.2 x 2.5""","","available"
"D-6 Portal","public://D-6 Portal.jpeg","6 x 4""","","available"
"Day's End #1–4","public://Days End 1-4.jpeg","6.8 x 3.7""","","available"
"Dr. Jarz Mahndowny — Field Surgeon, Floro Wars","public://Dr. jarz_0.jpeg","2.5 x 4""","Colored pencil on acid-free paper","available"
"Dr. Millerman — Fleet","public://Dr. Millerman_0.jpeg","5 x 4.5""","Colored pencil on acid-free paper","available"
"Duke","public://Duke.jpeg","3.2 x 3.2""","","available"
"Dunkirk Artifact","public://Dunkirk Artifact.jpeg","2.5 x 1.5""","","available"
"D–6/7517.17.23: This Morning I Witnessed . . . ","public://D-6 7517_0.jpeg","3 x 4""","Colored pencil on acid-free paper","available"
"Echo / Pagan Island","public://Echo - Pagan Island.jpeg","6 x 3""","","available"
"Echo 2: Swamp Ghost","public://Echo 2 - Swamp Ghost.jpeg","2.5 x 2""","","available"
"Echo 3 — Ghosts of War: The Knight","public://Echo 3 - Ghosts of War - The Knight.jpeg","5 x 2""","","available"
"Eggy","public://Eggy.jpeg","3.5 x 2.5""","","available"
"Emergence","public://Emergence.jpeg","5 x 4""","","available"
"The Enlightenment","public://The Enlightenment.jpeg","4.7 x 3.5""","","available"
"Enslaught Dimitnor — Floro","public://Enslaught Dimitnor.jpeg","4.5 x 3.5""","","available"
"Eve: Colony 16 / First Born","public://Eve Colony 16.jpeg","3 x 2.5""","","available"
"Eye of Illusive Mangus`","public://Eye of Illusive Mangus.jpeg","3 x 2.5""","","available"
"Face Before Time","public://Face before Time_1.jpeg","3.3 x 4.5","Colored pencil (?) on acid-free paper","available"
"Face to Face","public://Face to Face.jpeg","3 x 2""","","available"
"Fading Memory: Daisy","public://Fading Memory.jpeg","3 x 3""","","available"
"Fading Vision","public://Fading Vision.jpeg","4 x 3""","","available"
"Feeling Flighty","public://Feeling Flighty.jpeg","3.5 x 3""","","available"
"Field Sketch: Hunter","public://Field Sketch - Hunter.jpeg","3.5 x 3.5""","","available"
"Field Sketch: Illusive Condormax","public://Field Sketch . Illusive Condormax_1.jpeg","3.5 x 3.5""","Colored pencil on acid-free paper","available"
"Field Sketch: Seemorian Scout","public://Seemorian Scout_0.jpeg","3.5 x 6""","Pencil on acid-free paper","available"
"Field Sketch: Tao of the Hound","public://Field Sketch Tao of the Hound_0.jpeg","2.5 x 4""","Ink on acid-free paper","available"
"Field Study / Old Red","public://Field Study : Old Red.jpeg","5 x 4""","","available"
"First Contact Deception","public://First Contact Deception.jpeg","5 x 3""","","available"
"First Things Just Came to Be ...","public://First Things Just Come to Be.jpeg","4 x 4""","","available"
"Fish from Hell","public://Fish from Hell.jpeg","3 x 2.5""","","available"
"From the Other Side #1","public://From the Other Side #1.jpeg","3 x 2""","","available"
"From the Other Side #2","public://From the Other Side #2.jpeg","3 x 2.5""","","available"
"Georgia on My Mind","public://Georgia on My Mind 1.jpeg","4 x 3""","","available"
"Henge #1","public://Henge #1.jpeg","3 x 2""","","available"
"Highlands Nighthawk","public://Highlands Nighthawk.jpeg","3 x 2.5""","","available"
"Hobnil of the East Pillar","public://Hobnil of the East Pillar.jpeg","3 x 2""","","available"
"Hotak Mumblus","public://Hotak Mumblus_0.jpeg","3 x 2.5""","Colored pencil on acid-free paper","available"
"I Have No Need of Your Wheel","public://I Have No Need of Your Wheel.jpeg","7 x 3""","","available"
"Illusive Floro Spartanicus","public://Illusive Floro Spartanicus_1.jpeg","3.7 x 2.5""","Colored pencil on acid-free paper","available"
"In the Early Morning Mist","public://In the Early Morning Mist.jpeg","3.5 x 2.7""","","available"
"Indigo Castaways: Hint of Paris","public://Indigo Castaways_Hint of Paris_0.jpeg","3 x 3""","Colored pencil on acid-free paper","available"
"The Initiates","public://Initiates.jpeg","2.5 x 2.5""","","available"
"Insight","public://Insight.jpeg","2.7 x 2""","","available"
"Into the Light","public://Into the Light.jpeg","3.2 x 3""","","available"
"Isis Severs Nimrod's Head","public://Isis Severs Nimrod's Head.jpeg","5.7 x 3.5""","","available"
"It's Just a Cookie","public://It's Just a Cookie_0.jpeg","2 x 2.5""","Colored pencil on acid-free paper","available"
"Kahla Minx / Medicine, Etc.","public://Kahla Minx.jpeg","4 x 2""","","available"
"Keeper of Secrets","public://Keeper of Secrets.jpeg","3 x 2.5""","","available"
"The Last Apple","public://Last Apple_0.jpeg","2.5 x 3.3""","Colored pencil on acid-free paper","available"
"Last Glance","public://Last Glance.jpeg","2.7 x 2""","","available"
"The Last Look","public://The Last Look.jpeg","3.3 x 2""","","available"
"Last Stand","public://Last Stand 1.jpeg","3.5 x 2.2""","","available"
"Lives Beneath Teddy's Bed","public://Lives Beneath_0.jpeg","3 x 3""","Colored pencil on acid-free paper","available"
"Looking Out","public://Looking Out 1.jpeg","3 x 3""","","available"
"Loss","public://Loss.jpeg","3.5 x 2.5""","","available"
"Lost and Found","public://Lost and Found.jpeg","3 x 2.5""","","available"
"Lt. General Skitterning — Intelligence","public://Lt Gen Skitterning_1.jpeg","2.5 x 2.8""","Colored pencil on acid-free paper","available"
"Lt. Souk De — Recon — Floro Wars","public://Lt Souk De_1.jpeg","2.5 x 3""","Colored pencil on acid-free paper","available"
"Major Zekhat / Floro Grand Council","public://Major Zekhat_0.jpeg","3 x 3""","Colored pencil on acid-free paper","available"
"Messenger","public://Messenger.jpeg","2.5 x 2.2""","","available"
"MJ12","public://MJ12.jpeg","3.7 x 2.7""","","available"
"Mother Ship","public://Mother Ship.jpeg","3 x 2""","","available"
"New Beginnings","public://New Beginnings.jpeg","6.5 x 3""","","available"
"Old Man","public://Old Man.jpeg","2.2 x 2""","","available"
"Once Upon a Time ...","public://Once Upon a Time.jpeg","3.7 x 3""","","available"
"Out of Time #2","public://Out of Time #2.jpeg","4.2 x 4""","","available"
"Outcast Cletus","public://Outcast Cletus.jpeg","3.7 x 2.7""","","available"
"Outcast Petey","public://Outcast Petey.jpeg","3.7 x 2.7""","","available"
"Outcasts / Toby #3","public://Outcasts Toby #3_0.jpeg","1.5 x 3""","Colored pencil on acid-free paper","available"
"Outcasts: Sasha","public://Outcasts - Sasha.jpeg","3.3 x 3""","","available"
"Party Animal","public://Party Animal.jpeg","4.5 x 3.3""","","available"
"Path's End","public://Path's End.jpeg","4.5 x 3.3""","","available"
"Paying Respect","public://Paying Respect.jpeg","5.7 x 2""","","available"
"Preliminary Drawing: Watchers","public://Preliminary Drawing — Watchers.jpeg","2.5 x 2""","","available"
"Preparing for Death","public://Preparing for Death.jpeg","4 x 3""","","available"
"Princess Akna","public://Princess Akna_0.jpeg","2.3 x 1.5""","Colored pencil on acid-free paper","available"
"Profmahn Zander","public://Profmahn Zander ....jpeg","2.7 x 2.2""","","available"
"Queen Tomara, of the Little People, Awaits Her Final Curtain","public://Queen Tomara, of the Little People, Awaits Her Final Curtain.jpeg","5 x 2.5""","","available"
"Reaching Out","public://Reaching Out.jpeg","2 x 2""","","available"
"Red Tide","public://Red Tide.jpeg","3.7 x 3.3""","","available"
"Reflect / 16 Scout Ship / Floro Mountain Cave","public://Reflec : 16 Scout Ship ....jpeg","3.5 x 1""","","available"
"Return to Firebase ","public://Return to Firebase.jpeg","2 x 2""","","available"
"Ride Your Horse Along the Edge","public://Ride Your Horse Along the Edge.jpeg","6.3 x 2""","","available"
"Sacred Places / First Snow / Wilson Hollow","public://Sacred Places : First Snow : Winston Hollow.jpeg","3.5 x 2.2""","","available"
"Sacred Places: Memory of Mirror Peaks","public://Sacred Places - Memory of Mirror Peaks.jpeg","7 x 2.5""","","available"
"Saigon Matrix","public://Saigon Matrix_0.jpeg","3 x 1.5""","Tint on acid-free paper","available"
"Saving Face","public://Saving Face.jpeg","2.5 x 1.2""","","available"
"Seeing Is Believing","public://Seeing Is Believing.jpeg","5 x 4""","","available"
"Sgt. Levy O'Haj — Recon and Recovery ...","public://Sgt. Levy O'Haj.jpeg","4 x 2.5""","","available"
"Shape of Things to Come","public://Shape of Things to Come.jpeg","2.7 x 2.7""","","available"
"Siren of Deep Space","public://Siren of Deep Space.jpeg","3.7 x 3""","","available"
"Sky Over Podkamennaya Tunguska","public://Sky Over Podkamennaya_1.jpeg","3 x 3""","","available"
"Something Fishy","public://Something Fishy.jpeg","4.3 x 2.7""","","available"
"Spirit Guide","public://Spirit Guide.jpeg","4.3 x 3.5""","","available"
"Spring Arrives — Kafka's Flower","public://Spring Arrives - Kafka's Flower.jpeg","2.3 x 2.3""","","available"
"Supreme Dulex","public://Supreme Dulex_0.jpeg","2.0 x 2.5""","Colored pencil on acid-free paper","available"
"Through Kafka's Bedroom Window ... The Approaching Storm","public://Through Kafka's Bedroom Window ....jpeg","3.5 x 2""","","available"
"Torn Apart","public://Torn Apart.jpeg","2 x 1.7""","","available"
"Toys in the Attic — Little Alice","public://Toys in the Attic — Little Alice.jpeg","4 x 2.7""","","available"
"Trust Me ...","public://Trust Me ....jpeg","3 x 2.7""","","available"
"The Truth of Ascemtion","public://The Truth of Ascention.jpeg","3.3 x 2.7""","","available"
"Uber Rhino in the Morning Mist","public://Uber Rhino in the Morning Mist.jpeg","2.5 x 2.5""","","available"
"Up Against the Wall","public://Up Against the Wall.jpeg","4 x 2.5""","","available"
"Uqba ibn Nafi — Holy Desert Warrior","public://Uqba ibn Nafi.jpeg","4.5 x 3.5""","","available"
"Valdor Doxis","public://Valdor Doxis_0.jpeg","2.5 x 2.5""","Colored pencil on acid-free paper","available"
"Very Rare Squakmore","public://Very Rare Squakmore.jpeg","2.5 x 2.5""","","available"
"View from Kafka's Window — The Visitor","public://View from Kafka's Window — The Visitor.jpeg","3 x 2""","","available"
"Voyager — Running Silent","public://Voyager - Running Silent.jpeg","7.5 x 4.5""","","available"
"Waldo","public://Waldo.jpeg","3 x 2.7""","","available"
"We All Fall Down","public://We All Fall Down.jpeg","3.5 x 2.5""","","available"
"Weathering the Storm","public://Weathering the Storm.jpeg","4.5 x 3.5""","","available"
"Wind Song Hill","public://Wind Song Hill.jpeg","2.3 x 2.3""","","available"
"Winter Comes ...","public://Winter Comes.jpeg","3.7 x 2.7""","","available"
"Witness","public://Witness.jpeg","3 x 2""","","available"
"Wize One","public://Wize One_0_0.jpeg","4.5 x 7.5""","Tint on acid-free paper
","available"
"The Woodsman","public://The Woodsman.jpeg","3.5 x 1.7""","","available"
"X3Y2 / Terminator Prime","public://X3V2_0.jpeg","3.5 x 4""","Colored pencil on acid-free paper","available"
"Zat: Intern — Gray Fleet — 1976 Abduction","public://Zat.jpeg","3.3 x 2.3""","","available"
"Zerch Montaxica — Floro Desert","public://Zerche Montaxica.jpeg","2.2 x 1.3""","","available"
